Mon Dec 12 16:12:16 IST 2022,6327,Carbon credits,/Business-farming-industry/Carbon-credits
Mon Dec 12 16:21:08 IST 2022,6327,Carbon credits,/Business-farming-industry/Carbon-credits
Mon Dec 12 16:21:42 IST 2022:6327,Carbon credits,/Business-farming-industry/Carbon-credits
Mon Dec 12 16:30:26 IST 2022,6327,Carbon credits,/Business-farming-industry/Carbon-credits
Mon Dec 12 16:30:56 IST 2022,6327,Carbon credits,/Business-farming-industry/Carbon-credits
Mon Dec 12 16:30:57 IST 2022,6328,Badges,/Antiques-collectables/Militaria/Badges
Mon Dec 12 16:30:57 IST 2022,6329,Home & garden,/Books/Magazines/Home-garden
Mon Dec 12 16:30:57 IST 2022,6330,Business & technology,/Books/Magazines/Business-technology
Mon Dec 12 16:30:57 IST 2022,6331,Automotive & aviation,/Books/Magazines/Automotive-aviation
Mon Dec 12 16:38:35 IST 2022,6327,Carbon credits,/Business-farming-industry/Carbon-credits
Mon Dec 12 16:38:35 IST 2022,6328,Badges,/Antiques-collectables/Militaria/Badges
Mon Dec 12 16:38:35 IST 2022,6329,Home & garden,/Books/Magazines/Home-garden
Mon Dec 12 16:38:36 IST 2022,6330,Business & technology,/Books/Magazines/Business-technology
Mon Dec 12 16:38:36 IST 2022,6331,Automotive & aviation,/Books/Magazines/Automotive-aviation
Mon Dec 12 16:41:53 IST 2022,6327,Carbon credits,/Business-farming-industry/Carbon-credits
Mon Dec 12 16:41:53 IST 2022,6328,Badges,/Antiques-collectables/Militaria/Badges
Mon Dec 12 16:41:53 IST 2022,6329,Home & garden,/Books/Magazines/Home-garden
Mon Dec 12 16:41:53 IST 2022,6330,Business & technology,/Books/Magazines/Business-technology
Mon Dec 12 16:41:54 IST 2022,6331,Automotive & aviation,/Books/Magazines/Automotive-aviation
Mon Dec 12 16:48:08 IST 2022,6327,Carbon credits,/Business-farming-industry/Carbon-credits
Mon Dec 12 16:48:08 IST 2022,6328,Badges,/Antiques-collectables/Militaria/Badges
Mon Dec 12 16:48:09 IST 2022,6329,Home & garden,/Books/Magazines/Home-garden
Mon Dec 12 16:48:09 IST 2022,6330,Business & technology,/Books/Magazines/Business-technology
Mon Dec 12 16:48:09 IST 2022,6331,Automotive & aviation,/Books/Magazines/Automotive-aviation
Mon Dec 12 16:53:07 IST 2022,6327,Carbon credits,/Business-farming-industry/Carbon-credits
Mon Dec 12 16:53:08 IST 2022,6328,Badges,/Antiques-collectables/Militaria/Badges
Mon Dec 12 16:53:08 IST 2022,6329,Home & garden,/Books/Magazines/Home-garden
Mon Dec 12 16:53:08 IST 2022,6330,Business & technology,/Books/Magazines/Business-technology
Mon Dec 12 16:53:08 IST 2022,6331,Automotive & aviation,/Books/Magazines/Automotive-aviation
Mon Dec 12 17:10:15 IST 2022,6327,Carbon credits,/Business-farming-industry/Carbon-credits
Mon Dec 12 17:10:16 IST 2022,6329,Home & garden,/Books/Magazines/Home-garden
Mon Dec 12 17:10:17 IST 2022,6331,Automotive & aviation,/Books/Magazines/Automotive-aviation
Mon Dec 12 17:10:18 IST 2022,6333,Royalty,/Books/Nonfiction/Biography/Royalty
Mon Dec 12 17:10:19 IST 2022,6335,Cats,/Books/Nonfiction/Pets/Cats
Mon Dec 12 17:10:21 IST 2022,6328,Badges,/Antiques-collectables/Militaria/Badges
Mon Dec 12 17:10:28 IST 2022,6330,Business & technology,/Books/Magazines/Business-technology
Mon Dec 12 17:10:35 IST 2022,6332,Art & craft,/Books/Magazines/Art-craft
Mon Dec 12 17:10:42 IST 2022,6334,Dogs,/Books/Nonfiction/Pets/Dogs
Mon Dec 12 17:10:49 IST 2022,6336,Fish,/Books/Nonfiction/Pets/Fish
Mon Dec 12 17:10:51 IST 2022,,,
Mon Dec 12 17:10:58 IST 2022,,,
Mon Dec 12 17:11:05 IST 2022,,,
Mon Dec 12 17:11:12 IST 2022,,,
Mon Dec 12 17:11:19 IST 2022,,,
Mon Dec 12 17:12:46 IST 2022,6327,Carbon credits,/Business-farming-industry/Carbon-credits
Mon Dec 12 17:12:47 IST 2022,6329,Home & garden,/Books/Magazines/Home-garden
Mon Dec 12 17:12:48 IST 2022,6331,Automotive & aviation,/Books/Magazines/Automotive-aviation
Mon Dec 12 17:12:49 IST 2022,6333,Royalty,/Books/Nonfiction/Biography/Royalty
Mon Dec 12 17:12:50 IST 2022,6335,Cats,/Books/Nonfiction/Pets/Cats
Mon Dec 12 17:12:52 IST 2022,6328,Badges,/Antiques-collectables/Militaria/Badges
Mon Dec 12 17:12:59 IST 2022,6330,Business & technology,/Books/Magazines/Business-technology
Mon Dec 12 17:13:06 IST 2022,6332,Art & craft,/Books/Magazines/Art-craft
Mon Dec 12 17:13:13 IST 2022,6334,Dogs,/Books/Nonfiction/Pets/Dogs
Mon Dec 12 17:13:20 IST 2022,6336,Fish,/Books/Nonfiction/Pets/Fish
Mon Dec 12 17:13:22 IST 2022,6327,Carbon credits,/Business-farming-industry/Carbon-credits
Mon Dec 12 17:13:29 IST 2022,6328,Badges,/Antiques-collectables/Militaria/Badges
Mon Dec 12 17:13:36 IST 2022,6329,Home & garden,/Books/Magazines/Home-garden
Mon Dec 12 17:13:43 IST 2022,6330,Business & technology,/Books/Magazines/Business-technology
Mon Dec 12 17:13:50 IST 2022,6331,Automotive & aviation,/Books/Magazines/Automotive-aviation
Mon Dec 12 17:14:46 IST 2022,6327,Carbon credits,/Business-farming-industry/Carbon-credits
Mon Dec 12 17:14:47 IST 2022,6328,Badges,/Antiques-collectables/Militaria/Badges
Mon Dec 12 17:14:48 IST 2022,6329,Home & garden,/Books/Magazines/Home-garden
Mon Dec 12 17:14:49 IST 2022,6330,Business & technology,/Books/Magazines/Business-technology
Mon Dec 12 17:14:50 IST 2022,6331,Automotive & aviation,/Books/Magazines/Automotive-aviation
Mon Dec 12 17:14:51 IST 2022,6327,Carbon credits,/Business-farming-industry/Carbon-credits
Mon Dec 12 17:14:58 IST 2022,6328,Badges,/Antiques-collectables/Militaria/Badges
Mon Dec 12 17:15:06 IST 2022,6329,Home & garden,/Books/Magazines/Home-garden
Mon Dec 12 17:15:12 IST 2022,6330,Business & technology,/Books/Magazines/Business-technology
Mon Dec 12 17:15:20 IST 2022,6331,Automotive & aviation,/Books/Magazines/Automotive-aviation
Mon Dec 12 17:15:21 IST 2022,6327,Carbon credits,/Business-farming-industry/Carbon-credits
Mon Dec 12 17:15:28 IST 2022,6328,Badges,/Antiques-collectables/Militaria/Badges
Mon Dec 12 17:15:35 IST 2022,6329,Home & garden,/Books/Magazines/Home-garden
Mon Dec 12 17:15:42 IST 2022,6330,Business & technology,/Books/Magazines/Business-technology
Mon Dec 12 17:15:49 IST 2022,6331,Automotive & aviation,/Books/Magazines/Automotive-aviation
Mon Dec 12 17:30:15 IST 2022,6327,Carbon credits,/Business-farming-industry/Carbon-credits
Mon Dec 12 17:30:16 IST 2022,6328,Badges,/Antiques-collectables/Militaria/Badges
Mon Dec 12 17:30:17 IST 2022,6329,Home & garden,/Books/Magazines/Home-garden
Mon Dec 12 17:30:18 IST 2022,6330,Business & technology,/Books/Magazines/Business-technology
Mon Dec 12 17:30:19 IST 2022,6331,Automotive & aviation,/Books/Magazines/Automotive-aviation
Mon Dec 12 17:30:21 IST 2022,6327,Carbon credits,/Business-farming-industry/Carbon-credits
Mon Dec 12 17:30:28 IST 2022,6328,Badges,/Antiques-collectables/Militaria/Badges
Mon Dec 12 17:30:35 IST 2022,6329,Home & garden,/Books/Magazines/Home-garden
Mon Dec 12 17:30:42 IST 2022,6330,Business & technology,/Books/Magazines/Business-technology
Mon Dec 12 17:30:49 IST 2022,6331,Automotive & aviation,/Books/Magazines/Automotive-aviation
Mon Dec 12 17:30:51 IST 2022,6327,Carbon credits,/Business-farming-industry/Carbon-credits
Mon Dec 12 17:30:58 IST 2022,6328,Badges,/Antiques-collectables/Militaria/Badges
Mon Dec 12 17:31:05 IST 2022,6329,Home & garden,/Books/Magazines/Home-garden
Mon Dec 12 17:31:12 IST 2022,6330,Business & technology,/Books/Magazines/Business-technology
Mon Dec 12 17:31:19 IST 2022,6331,Automotive & aviation,/Books/Magazines/Automotive-aviation
Mon Dec 12 17:33:34 IST 2022,6327,Carbon credits,/Business-farming-industry/Carbon-credits
Mon Dec 12 17:33:35 IST 2022,6328,Badges,/Antiques-collectables/Militaria/Badges
Mon Dec 12 17:33:36 IST 2022,6329,Home & garden,/Books/Magazines/Home-garden
Mon Dec 12 17:33:37 IST 2022,6330,Business & technology,/Books/Magazines/Business-technology
Mon Dec 12 17:33:38 IST 2022,6331,Automotive & aviation,/Books/Magazines/Automotive-aviation
Mon Dec 12 17:33:40 IST 2022,6327,Carbon credits,/Business-farming-industry/Carbon-credits
Mon Dec 12 17:33:47 IST 2022,6328,Badges,/Antiques-collectables/Militaria/Badges
Mon Dec 12 17:33:54 IST 2022,6329,Home & garden,/Books/Magazines/Home-garden
Mon Dec 12 17:34:01 IST 2022,6330,Business & technology,/Books/Magazines/Business-technology
Mon Dec 12 17:34:08 IST 2022,6331,Automotive & aviation,/Books/Magazines/Automotive-aviation
Mon Dec 12 17:34:10 IST 2022,6327,Carbon credits,/Business-farming-industry/Carbon-credits
Mon Dec 12 17:34:17 IST 2022,6328,Badges,/Antiques-collectables/Militaria/Badges
Mon Dec 12 17:34:24 IST 2022,6329,Home & garden,/Books/Magazines/Home-garden
Mon Dec 12 17:34:31 IST 2022,6330,Business & technology,/Books/Magazines/Business-technology
Mon Dec 12 17:34:38 IST 2022,6331,Automotive & aviation,/Books/Magazines/Automotive-aviation
Mon Dec 12 17:37:40 IST 2022,6327,Carbon credits,/Business-farming-industry/Carbon-credits
Mon Dec 12 17:37:41 IST 2022,6328,Badges,/Antiques-collectables/Militaria/Badges
Mon Dec 12 17:37:42 IST 2022,6329,Home & garden,/Books/Magazines/Home-garden
Mon Dec 12 17:37:43 IST 2022,6330,Business & technology,/Books/Magazines/Business-technology
Mon Dec 12 17:37:44 IST 2022,6331,Automotive & aviation,/Books/Magazines/Automotive-aviation
Mon Dec 12 17:37:45 IST 2022,6327,Carbon credits,/Business-farming-industry/Carbon-credits
Mon Dec 12 17:37:49 IST 2022,6332,Art & craft,/Books/Magazines/Art-craft
Mon Dec 12 17:37:50 IST 2022,6333,Royalty,/Books/Nonfiction/Biography/Royalty
Mon Dec 12 17:37:51 IST 2022,6334,Dogs,/Books/Nonfiction/Pets/Dogs
Mon Dec 12 17:37:52 IST 2022,6335,Cats,/Books/Nonfiction/Pets/Cats
Mon Dec 12 17:37:52 IST 2022,6336,Fish,/Books/Nonfiction/Pets/Fish
Mon Dec 12 17:37:52 IST 2022,6328,Badges,/Antiques-collectables/Militaria/Badges
Mon Dec 12 17:37:53 IST 2022,6327,Carbon credits,/Business-farming-industry/Carbon-credits
Mon Dec 12 17:37:53 IST 2022,6328,Badges,/Antiques-collectables/Militaria/Badges
Mon Dec 12 17:37:54 IST 2022,6329,Home & garden,/Books/Magazines/Home-garden
Mon Dec 12 17:37:55 IST 2022,6330,Business & technology,/Books/Magazines/Business-technology
Mon Dec 12 17:37:56 IST 2022,6331,Automotive & aviation,/Books/Magazines/Automotive-aviation
Mon Dec 12 17:37:59 IST 2022,6329,Home & garden,/Books/Magazines/Home-garden
Mon Dec 12 17:38:06 IST 2022,6330,Business & technology,/Books/Magazines/Business-technology
Mon Dec 12 17:38:13 IST 2022,6331,Automotive & aviation,/Books/Magazines/Automotive-aviation
Mon Dec 12 17:38:15 IST 2022,6327,Carbon credits,/Business-farming-industry/Carbon-credits
Mon Dec 12 17:38:25 IST 2022,6332,Art & craft,/Books/Magazines/Art-craft
Mon Dec 12 17:38:32 IST 2022,6333,Royalty,/Books/Nonfiction/Biography/Royalty
Mon Dec 12 17:38:39 IST 2022,6334,Dogs,/Books/Nonfiction/Pets/Dogs
Mon Dec 12 17:38:46 IST 2022,6335,Cats,/Books/Nonfiction/Pets/Cats
Mon Dec 12 17:38:52 IST 2022,6336,Fish,/Books/Nonfiction/Pets/Fish
Mon Dec 12 17:38:53 IST 2022,6327,Carbon credits,/Business-farming-industry/Carbon-credits
Mon Dec 12 17:49:33 IST 2022,6327,Carbon credits,/Business-farming-industry/Carbon-credits
Mon Dec 12 17:49:34 IST 2022,6328,Badges,/Antiques-collectables/Militaria/Badges
Mon Dec 12 17:49:35 IST 2022,6329,Home & garden,/Books/Magazines/Home-garden
Mon Dec 12 17:49:36 IST 2022,6330,Business & technology,/Books/Magazines/Business-technology
Mon Dec 12 17:49:37 IST 2022,6331,Automotive & aviation,/Books/Magazines/Automotive-aviation
Mon Dec 12 17:49:39 IST 2022,6327,Carbon credits,/Business-farming-industry/Carbon-credits
Mon Dec 12 17:49:46 IST 2022,,,
Mon Dec 12 17:50:07 IST 2022,6327,Carbon credits,/Business-farming-industry/Carbon-credits
Mon Dec 12 17:50:08 IST 2022,6328,Badges,/Antiques-collectables/Militaria/Badges
Mon Dec 12 17:50:09 IST 2022,,,
Mon Dec 12 18:07:32 IST 2022,6327,Carbon credits,/Business-farming-industry/Carbon-credits
Mon Dec 12 18:07:32 IST 2022,6328,Badges,/Antiques-collectables/Militaria/Badges
Mon Dec 12 18:07:33 IST 2022,6329,Home & garden,/Books/Magazines/Home-garden
Mon Dec 12 18:07:34 IST 2022,6330,Business & technology,/Books/Magazines/Business-technology
Mon Dec 12 18:07:35 IST 2022,6331,Automotive & aviation,/Books/Magazines/Automotive-aviation
Mon Dec 12 18:07:37 IST 2022,6327,Carbon credits,/Business-farming-industry/Carbon-credits
Mon Dec 12 18:07:44 IST 2022,6328,Badges,/Antiques-collectables/Militaria/Badges
Mon Dec 12 18:07:51 IST 2022,6329,Home & garden,/Books/Magazines/Home-garden
Mon Dec 12 18:07:58 IST 2022,6330,Business & technology,/Books/Magazines/Business-technology
Mon Dec 12 18:08:05 IST 2022,6331,Automotive & aviation,/Books/Magazines/Automotive-aviation
Mon Dec 12 18:08:07 IST 2022,6327,Carbon credits,/Business-farming-industry/Carbon-credits
Mon Dec 12 18:08:14 IST 2022,6328,Badges,/Antiques-collectables/Militaria/Badges
Mon Dec 12 18:08:21 IST 2022,6329,Home & garden,/Books/Magazines/Home-garden
Mon Dec 12 18:08:28 IST 2022,6330,Business & technology,/Books/Magazines/Business-technology
Mon Dec 12 18:08:35 IST 2022,6331,Automotive & aviation,/Books/Magazines/Automotive-aviation
Mon Dec 12 19:10:35 IST 2022,6327,Carbon credits,/Business-farming-industry/Carbon-credits
Mon Dec 12 19:10:36 IST 2022,6328,Badges,/Antiques-collectables/Militaria/Badges
Mon Dec 12 19:10:37 IST 2022,6329,Home & garden,/Books/Magazines/Home-garden
Mon Dec 12 19:10:37 IST 2022,6330,Business & technology,/Books/Magazines/Business-technology
Mon Dec 12 19:10:39 IST 2022,6331,Automotive & aviation,/Books/Magazines/Automotive-aviation
Mon Dec 12 19:10:46 IST 2022,6327,Carbon credits,/Business-farming-industry/Carbon-credits
Mon Dec 12 19:10:53 IST 2022,6328,Badges,/Antiques-collectables/Militaria/Badges
Mon Dec 12 19:11:01 IST 2022,6329,Home & garden,/Books/Magazines/Home-garden
Mon Dec 12 19:11:07 IST 2022,6330,Business & technology,/Books/Magazines/Business-technology
Mon Dec 12 19:11:08 IST 2022,6331,Automotive & aviation,/Books/Magazines/Automotive-aviation
Mon Dec 12 19:11:16 IST 2022,6327,Carbon credits,/Business-farming-industry/Carbon-credits
Mon Dec 12 19:11:23 IST 2022,6328,Badges,/Antiques-collectables/Militaria/Badges
Mon Dec 12 19:11:30 IST 2022,6329,Home & garden,/Books/Magazines/Home-garden
Mon Dec 12 19:11:37 IST 2022,6330,Business & technology,/Books/Magazines/Business-technology
Mon Dec 12 19:11:38 IST 2022,6331,Automotive & aviation,/Books/Magazines/Automotive-aviation
Mon Dec 12 19:17:04 IST 2022,6327,Carbon credits,/Business-farming-industry/Carbon-credits
Mon Dec 12 19:17:05 IST 2022,6328,Badges,/Antiques-collectables/Militaria/Badges
Mon Dec 12 19:17:06 IST 2022,6329,Home & garden,/Books/Magazines/Home-garden
Mon Dec 12 19:17:07 IST 2022,6330,Business & technology,/Books/Magazines/Business-technology
Mon Dec 12 19:17:08 IST 2022,6331,Automotive & aviation,/Books/Magazines/Automotive-aviation
Mon Dec 12 19:17:16 IST 2022,6327,Carbon credits,/Business-farming-industry/Carbon-credits
Mon Dec 12 19:17:23 IST 2022,6328,Badges,/Antiques-collectables/Militaria/Badges
Mon Dec 12 19:17:30 IST 2022,6329,Home & garden,/Books/Magazines/Home-garden
Mon Dec 12 19:17:37 IST 2022,6330,Business & technology,/Books/Magazines/Business-technology
Mon Dec 12 19:17:38 IST 2022,6331,Automotive & aviation,/Books/Magazines/Automotive-aviation
Mon Dec 12 19:17:46 IST 2022,6327,Carbon credits,/Business-farming-industry/Carbon-credits
Mon Dec 12 19:17:53 IST 2022,6328,Badges,/Antiques-collectables/Militaria/Badges
Mon Dec 12 19:18:00 IST 2022,6329,Home & garden,/Books/Magazines/Home-garden
Mon Dec 12 19:18:07 IST 2022,6330,Business & technology,/Books/Magazines/Business-technology
Mon Dec 12 19:18:08 IST 2022,6331,Automotive & aviation,/Books/Magazines/Automotive-aviation
Mon Dec 12 19:21:01 IST 2022,6327,Carbon credits,/Business-farming-industry/Carbon-credits
Mon Dec 12 19:21:02 IST 2022,6328,Badges,/Antiques-collectables/Militaria/Badges
Mon Dec 12 19:21:03 IST 2022,6329,Home & garden,/Books/Magazines/Home-garden
Mon Dec 12 19:21:04 IST 2022,6330,Business & technology,/Books/Magazines/Business-technology
Mon Dec 12 19:21:06 IST 2022,6331,Automotive & aviation,/Books/Magazines/Automotive-aviation
Mon Dec 12 19:21:13 IST 2022,6327,Carbon credits,/Business-farming-industry/Carbon-credits
Mon Dec 12 19:21:20 IST 2022,6328,Badges,/Antiques-collectables/Militaria/Badges
Mon Dec 12 19:21:27 IST 2022,6329,Home & garden,/Books/Magazines/Home-garden
Mon Dec 12 19:21:34 IST 2022,6330,Business & technology,/Books/Magazines/Business-technology
Mon Dec 12 19:21:35 IST 2022,6331,Automotive & aviation,/Books/Magazines/Automotive-aviation
Mon Dec 12 19:21:43 IST 2022,6327,Carbon credits,/Business-farming-industry/Carbon-credits
Mon Dec 12 19:21:50 IST 2022,6328,Badges,/Antiques-collectables/Militaria/Badges
Mon Dec 12 19:21:57 IST 2022,6329,Home & garden,/Books/Magazines/Home-garden
Mon Dec 12 19:22:04 IST 2022,6330,Business & technology,/Books/Magazines/Business-technology
Mon Dec 12 19:22:05 IST 2022,6331,Automotive & aviation,/Books/Magazines/Automotive-aviation
Mon Dec 12 19:22:13 IST 2022,6327,Carbon credits,/Business-farming-industry/Carbon-credits
Mon Dec 12 19:22:20 IST 2022,6328,Badges,/Antiques-collectables/Militaria/Badges
Mon Dec 12 19:22:27 IST 2022,6329,Home & garden,/Books/Magazines/Home-garden
Mon Dec 12 19:22:34 IST 2022,6330,Business & technology,/Books/Magazines/Business-technology
Mon Dec 12 19:22:35 IST 2022,6331,Automotive & aviation,/Books/Magazines/Automotive-aviation
Mon Dec 12 19:22:43 IST 2022,6327,Carbon credits,/Business-farming-industry/Carbon-credits
Mon Dec 12 19:22:50 IST 2022,6328,Badges,/Antiques-collectables/Militaria/Badges
Mon Dec 12 19:22:57 IST 2022,6329,Home & garden,/Books/Magazines/Home-garden
Mon Dec 12 19:23:04 IST 2022,6330,Business & technology,/Books/Magazines/Business-technology
Mon Dec 12 19:23:05 IST 2022,6331,Automotive & aviation,/Books/Magazines/Automotive-aviation
Mon Dec 12 19:24:33 IST 2022,6327,Carbon credits,/Business-farming-industry/Carbon-credits
Mon Dec 12 19:24:34 IST 2022,6328,Badges,/Antiques-collectables/Militaria/Badges
Mon Dec 12 19:24:35 IST 2022,6329,Home & garden,/Books/Magazines/Home-garden
Mon Dec 12 19:24:36 IST 2022,6330,Business & technology,/Books/Magazines/Business-technology
Mon Dec 12 19:24:37 IST 2022,6331,Automotive & aviation,/Books/Magazines/Automotive-aviation
Mon Dec 12 19:24:45 IST 2022,6327,Carbon credits,/Business-farming-industry/Carbon-credits
Mon Dec 12 19:24:52 IST 2022,6328,Badges,/Antiques-collectables/Militaria/Badges
Mon Dec 12 19:24:59 IST 2022,6329,Home & garden,/Books/Magazines/Home-garden
Mon Dec 12 19:25:06 IST 2022,6330,Business & technology,/Books/Magazines/Business-technology
Mon Dec 12 19:25:07 IST 2022,6331,Automotive & aviation,/Books/Magazines/Automotive-aviation
Mon Dec 12 19:25:15 IST 2022,6327,Carbon credits,/Business-farming-industry/Carbon-credits
Mon Dec 12 19:25:22 IST 2022,6328,Badges,/Antiques-collectables/Militaria/Badges
Mon Dec 12 19:25:29 IST 2022,6329,Home & garden,/Books/Magazines/Home-garden
Mon Dec 12 19:25:36 IST 2022,6330,Business & technology,/Books/Magazines/Business-technology
Mon Dec 12 19:25:37 IST 2022,6331,Automotive & aviation,/Books/Magazines/Automotive-aviation
Mon Dec 12 22:11:08 IST 2022,6327,Carbon credits,/Business-farming-industry/Carbon-credits
Mon Dec 12 22:11:08 IST 2022,6328,Badges,/Antiques-collectables/Militaria/Badges
Mon Dec 12 22:11:10 IST 2022,6329,Home & garden,/Books/Magazines/Home-garden
Mon Dec 12 22:11:10 IST 2022,6330,Business & technology,/Books/Magazines/Business-technology
Mon Dec 12 22:11:11 IST 2022,6331,Automotive & aviation,/Books/Magazines/Automotive-aviation
Mon Dec 12 22:11:19 IST 2022,6327,Carbon credits,/Business-farming-industry/Carbon-credits
Mon Dec 12 22:11:26 IST 2022,6328,Badges,/Antiques-collectables/Militaria/Badges
Mon Dec 12 22:11:33 IST 2022,6329,Home & garden,/Books/Magazines/Home-garden
Mon Dec 12 22:11:40 IST 2022,6330,Business & technology,/Books/Magazines/Business-technology
Mon Dec 12 22:11:41 IST 2022,6331,Automotive & aviation,/Books/Magazines/Automotive-aviation
Mon Dec 12 22:11:49 IST 2022,6327,Carbon credits,/Business-farming-industry/Carbon-credits
Mon Dec 12 22:11:56 IST 2022,6328,Badges,/Antiques-collectables/Militaria/Badges
Mon Dec 12 22:12:03 IST 2022,6329,Home & garden,/Books/Magazines/Home-garden
Mon Dec 12 22:12:10 IST 2022,6330,Business & technology,/Books/Magazines/Business-technology
Mon Dec 12 22:12:11 IST 2022,6331,Automotive & aviation,/Books/Magazines/Automotive-aviation
